,tweet_text,timestamp,user_name,user_id
0,"#Transport Exchange Group: Data &amp; Logistics Event

The topic Dr Stylianos discussed was the importance of #AI and #DataScience in the #Logistics and Supply Chain Sector and how it can help improve operations and efficiency

https://t.co/HydNb32PMW

#CEOs #startups #businessgrowth",2022-02-17 17:25:07+00:00,b'TesseractAcade1',1045700375997747203
1,"#FEATURED #COURSES
The C# Basics from Scratch in 2022: Zero to Hero
#application #fundamentals #Datascience #aspnet #Developer
https://t.co/1ON6f9Kl5H
#Programming #CodeNewbies #100DaysOfCode #Coding #CSharp #Harisystems",2022-02-17 17:25:02+00:00,b'Neha_harisys',1222466541058289665
2,"NEED a JOB?
Sign up now https://t.co/o7lVlsl75X
FREE OF CHARGE. NO MIDDLEMEN
#Robotics #AIEthics #MachineLearning #AI #Python #DataScience #BigData #100DaysOfCode #Robots #fintech #insurtech #Bitcoin #cybersecurity #blockchain #bot #coding #Cryptos #NFTGame #Jobs #Job #Metaverse https://t.co/Ns5NVmzmGQ",2022-02-17 17:25:00+00:00,b'JobPreference',1332714745871421443
3,"#FEATURED #COURSES
The Complete MySQL from Scratch in 2022: Zero to Hero
#Database #SQL #Datascience #Reports #Developer
https://t.co/56Ywx9rFK0
#Programming #CodeNewbies #100DaysOfCode #Coding #MySQL #Harisystems",2022-02-17 17:24:49+00:00,b'Neha_harisys',1222466541058289665
4,"#FEATURED #COURSES
The Complete Microsoft SQL from Scratch in 2022: Zero to Hero
#Database #SQL #Datascience #Reports #Developer
https://t.co/dHVD5MlYFb
#Programming #CodeNewbies #100DaysOfCode #Coding #MicrosoftSQL #Harisystems",2022-02-17 17:24:30+00:00,b'Neha_harisys',1222466541058289665
5,"Companies holding their breath for the perfect candidate are handing over market share and senior leaders can't get the data they need to see how far behind they've fallen.

#DataScience #MachineLearning #Strategy",2022-02-17 17:24:20+00:00,b'v_vashishta',191029020
6,"Less disruption from attrition than competitors.

Higher rate of scale to handle more Data Science projects and deliver faster than competitors.

Investors reward companies using Data Science as a lever to create free cash flow.
#DataScience #MachineLearning #Hiring",2022-02-17 17:24:20+00:00,b'v_vashishta',191029020
7,"As internal training programs improve, the talent pool becomes larger and more diverse. It's a massive competitive advantage. Why?

Access to talent competitors cannot monetize.

The ability to upskill internally and source externally.
#DataScience #MachineLearning #Hiring",2022-02-17 17:24:20+00:00,b'v_vashishta',191029020
8,"Just assume everyone needs training. The interview process should assess what the candidate knows and what training they require. 

A high-quality candidate is someone who can be brought up to speed in 90 days or less.
#DataScience #MachineLearning #Hiring",2022-02-17 17:24:20+00:00,b'v_vashishta',191029020
9,"Trying to hire Data Scientists who can contribute on day 1 is a demonstration of ignorance.

No one contributes until they‚Äôve onboarded and spent time learning. Everyone goes through an internal training process and learning curve.
#DataScience #MachineLearning #Hiring",2022-02-17 17:24:19+00:00,b'v_vashishta',191029020
10,7 Day Covid Deaths per 1K Population by County For PA   2022-02-14:  Covid Insights From Our Analytics Team and USAFacts #datavisualization #datascience #analytics #health #data #covid19 #publichealth #covid #omicron #globalhealth https://t.co/Rapxr9MJE7,2022-02-17 17:23:38+00:00,b'njoyflyfishing',3219670842
11,Seaborn Will not Import in Jupyter Notebook #Analytics #DataScience #AI #ML #RStats #Python #coding #DataAnalytics https://t.co/ARAeGX6XGR,2022-02-17 17:23:29+00:00,b'NadarSenpai',392623479
12,"#FEATURED #COURSES
The Complete SQL from Scratch in 2022: Zero to Hero
#Database #SQL #Datascience #Reports #Developer
https://t.co/HDlhu653vO
#Programming #CodeNewbies #100DaysOfCode #Coding #PostgreSQL #Harisystems",2022-02-17 17:23:09+00:00,b'Neha_harisys',1222466541058289665
13,"Buy Gmail accounts
https://t.co/9K92qlODJ0

#MachineLearning #DataScience #Python #ThrillDriver #100DaysOfCode #IoT #flutter #javascript #Serverless #CyberSecurity #getpvaaccount #tech #DDoS #DeepLearning #fintech #COVID19 #data #RPA  #5G #getpvaaccount #tinder #pvaaccount https://t.co/iurP1ZMt6h",2022-02-17 17:23:05+00:00,b'Robertson1Debra',1401685698739015680
14,"DM and I'll give you a quick recovery if you have any issues with your account. üó® we can hack into anything apps.

#infosecurity #cybersecurity #cybersec #pentesting #technobladefanart #DataScience #RStats #Linux #CodeRed #100DaysofCode #100DaysOfMLCode #udemy #100devs https://t.co/iaqelWldIT",2022-02-17 17:23:04+00:00,b'Drix_hacks',1320289499428147200
15,Siloed data means siloed #analytics. It‚Äôs time to break down those barriers! Unify your #data universe with #datafabric. Read #HPE BrandVoice @forbes to learn 4 strategies for scalable #unifiedanalytics that don‚Äôt require an IT makeover: #datascience https://t.co/atnWdAFtDd https://t.co/Abs7LVRn3x,2022-02-17 17:23:01+00:00,b'HPE_Ezmeral',14335957
16,"#FEATURED #COURSES
2022 Complete #Python Bootcamp From Scratch
Learn Python like a Professional Start from the basics and creating your own apps
https://t.co/pRjDUe13pM
#100DaysOfCode #CodeNewbie #DataScience #ML #Programming #Coding #Django #Harisystems",2022-02-17 17:22:57+00:00,b'Neha_harisys',1222466541058289665
17,"#FEATURED #COURSES
The C# Basics from Scratch in 2022: Zero to Hero
#application #fundamentals #Datascience #aspnet #Developer
https://t.co/hToIocQzsw
#Programming #CodeNewbies #100DaysOfCode #Coding #csharp",2022-02-17 17:21:41+00:00,b'Neha_harisys',1222466541058289665
18,"App Link : https://t.co/bHxAD8H93j
Download Video
#AI #MachineLearning #DataScience #Analytics #Robotics #innovation #Python #Flutter #TensorFlow #JavaScript #NLP #marketing #coding #NodeJS #TechForGood #100DaysofCode #Digital  #javascript #TensorFlow #Robotics #100DaysOfCode",2022-02-17 17:21:37+00:00,b'ZAdword',1494009167794823168
19,7 Day Covid Deaths per 1K Population by County For OR   2022-02-14:  Covid Insights From Our Analytics Team and USAFacts #datavisualization #datascience #analytics #health #data #covid19 #publichealth #covid #omicron #globalhealth https://t.co/pDNREnayVt,2022-02-17 17:21:27+00:00,b'njoyflyfishing',3219670842
20,"#FEATURED #COURSES
The Complete MySQL from Scratch in 2022: Zero to Hero
#Database #SQL #Datascience #Reports #Developer
https://t.co/LtWlvgl74L
#Programming #CodeNewbies #100DaysOfCode #Coding #MySQL #Harisystems",2022-02-17 17:21:21+00:00,b'Neha_harisys',1222466541058289665
21,"#FEATURED #COURSES
The Complete Microsoft SQL from Scratch in 2022: Zero to Hero
#Database #SQL #Datascience #Reports #Developer #Language
https://t.co/eNf9ibsMDf
#Programming #CodeNewbies #100DaysOfCode #Coding #MicrosoftSQL #Harisystems",2022-02-17 17:21:10+00:00,b'Neha_harisys',1222466541058289665
22,"Create visualizations of key #data points with a few clicks w/#PowerBI. At top of list, select Integrate, then Power BI, then Visualize. A sample report of key fields will open. Keep as is or adjust, then save + publish. Add the report to #MSTeams or #SharePoint. 

#DataScience https://t.co/qMQXvcWgzq",2022-02-17 17:21:03+00:00,b'SmarterConsult1',1049850042901762053
23,"#FEATURED #COURSES
The Complete SQL from Scratch in 2022: Zero to Hero
#Database #SQL #Datascience #Reports #Developer
https://t.co/beT4oMYAw3
#Programming #CodeNewbies #100DaysOfCode #Coding #PostgreSQL",2022-02-17 17:20:55+00:00,b'Neha_harisys',1222466541058289665
24,"And that‚Äôs how we grew üòÑ
 
If you relate to this meme, make sure to check and practice through our ML Challenges.
 
Head on here to participate: https://t.co/eZUp2fl3H8
 
#data #datascience #challenge #machinelearning #deeplearning #coding #programming #community #learning #tech https://t.co/8ZRBIcGJ71",2022-02-17 17:20:44+00:00,b'dphi_tech',1210722190024478720
25,"#FEATURED #COURSES
*2022 Complete #Python Bootcamp From Scratch
Learn Python like a Professional Start from the basics and creating your own apps
https://t.co/lQxiG1EzRb
#100DaysOfCode #CodeNewbie #DataScience #Coding #Programming #Django #Harisystems",2022-02-17 17:20:41+00:00,b'Neha_harisys',1222466541058289665
26,"What is the proper way to externally validate clusters when I have only a sample of the dataset labeled, but want to cluster the entire dataset? #Analytics #DataScience #AI #ML #RStats #Python #coding #DataAnalytics https://t.co/z7oMOmItjU",2022-02-17 17:20:28+00:00,b'NadarSenpai',392623479
27,"Now is the time to begin thinking of data science as a profession and not a job. So, what are the skills required for a megabucks career in #datascience?

https://t.co/z5IydBVOK8 https://t.co/lPKZzBZ4Yj",2022-02-17 17:20:14+00:00,b'Edvancer',1722018122
28,"NEED a JOB?
Sign up now https://t.co/o7lVlsCHXv
FREE OF CHARGE. NO MIDDLEMEN
#Robotics #AIEthics #MachineLearning #AI #Python #DataScience #BigData #100DaysOfCode #Robots #fintech #insurtech #Bitcoin #cybersecurity #blockchain #bot #coding #Cryptos #NFTGame #Jobs #Job #Metaverse https://t.co/Cyjib3gY1L",2022-02-17 17:20:00+00:00,b'JobPreference',1332714745871421443
29,7 Day Covid Deaths per 1K Population by County For OR   2022-02-14:  Covid Insights From Our Analytics Team and USAFacts #datavisualization #datascience #analytics #health #data #covid19 #publichealth #covid #omicron #globalhealth https://t.co/PwUZqJ7KOi,2022-02-17 17:19:29+00:00,b'njoyflyfishing',3219670842
30,Great talk with Anna from @formulatedby and @DataSciSalon about #DataScience and #Marketing in my Data Scientist role. Check this video out as well as the #DSSHybrid event taking place later today for more content. Register at https://t.co/NP5mqBu2TP to watch live or on demand. https://t.co/59u4nZfPQG,2022-02-17 17:18:54+00:00,b'mcoca05',1146757082
31,HIRING: Analytics Engineer (100% Remote) / Remote - https://t.co/TTILOtOKQr #AI #MachineLearning #DataJobs #Jobsearch #MLjobs #bigdata #DataScience #AIjobs #techjobs #hiringnow #Engineer #ETL  #Finance #Marketing #Python #Redshift #SQL #dbt #remotework #opensalaries #ETLjobs,2022-02-17 17:18:01+00:00,b'ai_jobsNET',1014944290236174336
32,Anybody doing independent research on NLP? #Analytics #DataScience #AI #ML #RStats #Python #coding #DataAnalytics https://t.co/sAZ3kBtTB2,2022-02-17 17:17:28+00:00,b'NadarSenpai',392623479
33,7 Day Covid Deaths per 1K Population by County For OK   2022-02-14:  Covid Insights From Our Analytics Team and USAFacts #datavisualization #datascience #analytics #health #data #covid19 #publichealth #covid #omicron #globalhealth https://t.co/YmNT7sz2HC,2022-02-17 17:17:10+00:00,b'njoyflyfishing',3219670842
34,"#FEATURED #COURSES
*2021 Complete #Python Bootcamp From Scratch
Learn Python like a Professional Start from the basics and creating your own apps
https://t.co/3rNihEPvj6
#100DaysOfCode #CodeNewbie #DataScience #ML #Programming #Django #Harisystems",2022-02-17 17:17:04+00:00,b'Neha_harisys',1222466541058289665
35,"If you're looking for work in Troy, MI, check out this Army Acct Group job via the link in our bio: Data Scientist Trainee, Senior at Booz Allen #BoozAllen #DataScience",2022-02-17 17:16:52+00:00,b'tmj_MIT_GOVERN',108592197
36,"What Are The Advantages of Gmail? 
https://t.co/gR9GcDGHBk 

#MachineLearning #DataScience #Python #AI #100DaysOfCode #IoT #flutter #javascript #Serverless #CyberSecurity #getpvaaccount #tech #DDoS #DeepLearning #fintech #COVID19 #data #5G #getpvaaccount #tinder #pvaaccount https://t.co/meExxcrj2w",2022-02-17 17:15:57+00:00,b'getpvaaccount1',1473995767492734976
37,7 Day Covid Deaths per 1K Population by County For OK   2022-02-14:  Covid Insights From Our Analytics Team and USAFacts #datavisualization #datascience #analytics #health #data #covid19 #publichealth #covid #omicron #globalhealth https://t.co/B6otjW5ujS,2022-02-17 17:15:18+00:00,b'njoyflyfishing',3219670842
38,"NEED a JOB?
Sign up now https://t.co/o7lVlsl75X
FREE OF CHARGE. NO MIDDLEMEN
#Robotics #AIEthics #MachineLearning #AI #Python #DataScience #BigData #100DaysOfCode #Robots #fintech #insurtech #Bitcoin #cybersecurity #blockchain #bot #coding #Cryptos #NFTGame #Jobs #Job #Metaverse https://t.co/wGrAjN6M4z",2022-02-17 17:15:00+00:00,b'JobPreference',1332714745871421443
39,Assigning confidence scores for address matching exercises #Analytics #DataScience #AI #ML #RStats #Python #coding #DataAnalytics https://t.co/JCnqciR4lN,2022-02-17 17:14:28+00:00,b'NadarSenpai',392623479
40,"#FEATURED #COURSES
The Complete Microsoft SQL #Server in 2021: Zero to Hero
#Database #SQL #Datascience or #BI #Reports #Developer
https://t.co/PDvz0OCZDm
#CareerDevelopment #CodeNewbies #100DaysOfCode #Coding #Christmas #programming",2022-02-17 17:13:38+00:00,b'harisystems',1515163291
41,Registration Open ‚Äì 2022 Appsilon Shiny Conference via #rbloggers #rstats #datascience https://t.co/0uHtiIelzD,2022-02-17 17:13:08+00:00,b'dataclaudius',287836809
42,"We've now added an optional ""Sub Category"" to Datasnips for when you're creating code snippets. This gives an additional way to organise your snippets in your code library. #DataScience #MachineLearning #66daysofdata #Python https://t.co/wLbb5nBwyr",2022-02-17 17:12:57+00:00,b'datasnips',1331615046183612422
43,7 Day Covid Deaths per 1K Population by County For OH   2022-02-14:  Covid Insights From Our Analytics Team and USAFacts #datavisualization #datascience #analytics #health #data #covid19 #publichealth #covid #omicron #globalhealth https://t.co/nsXh5OERdb,2022-02-17 17:12:56+00:00,b'njoyflyfishing',3219670842
44,"#FEATURED #COURSES
*2022 Complete #Python Bootcamp From Scratch
Learn Python like a Professional Start from the basics and creating your own applications
https://t.co/Jv7OFaAftR
#100DaysOfCode #CodeNewbie #DataScience #Programmer #Django #Christmas #Harisystems #programming",2022-02-17 17:12:52+00:00,b'harisystems',1515163291
45,"As #AI  becomes more sophisticated and its applications become increasingly widespread, thoughtful policies and ethical standards must guide the use of this technology.
#ArtificialIntelligence #MachineLearning #data #DataScience #DeepLearning #technologies",2022-02-17 17:12:47+00:00,b'JoeWehbe7',1152312387548176385
46,Create your own AI Virtual Assistant using Javascript https://t.co/UDSJES818Q  #machinelearning #datascience #bigdata #AI #learning #elearning #ad,2022-02-17 17:12:32+00:00,b'machinelearnflx',4820804277
47,App link https://t.co/3in1T6cSJN  #AI #MachineLearning #DataScience #Analytics #Robotics #innovation #Python #Flutter #TensorFlow #JavaScript #NLP #marketing #coding #NodeJS #TechForGood #100DaysofCode #Digital  #javascript #TensorFlow #Robotics #100DaysOfCode #100DaysOfCode,2022-02-17 17:12:21+00:00,b'sajal_ali_jk',1243846257367568384
48,App link  https://t.co/ox1Eu4jl5w #AI #MachineLearning #DataScience #Analytics #Robotics #innovation #Python #Flutter #TensorFlow #JavaScript #NLP #marketing #coding #NodeJS #TechForGood #100DaysofCode #Digital  #javascript #TensorFlow #Robotics #100DaysOfCode #100DaysOfCode,2022-02-17 17:12:03+00:00,b'sajal_ali_jk',1243846257367568384
49,"Top 10 Data Science Projects in Healthcare to Get Hired 
https://t.co/fGCIKHpQgp
#Top10 #DataScience #DataScienceProjects #Healthcare #HealthcareIndustry #DataScientist #ArtificialIntelligence #MachineLearning #AI #ML #PredictiveAnalysis #ImageRecognition #HealthcareOutlook https://t.co/yxxTldYu86",2022-02-17 17:11:57+00:00,b'healthcareoutlk',1445710786727272454
50,"App link https://t.co/7IJ5Zbli8z
#AI #MachineLearning #DataScience #Analytics #Robotics #innovation #Python #Flutter #TensorFlow #JavaScript #NLP #marketing #coding #NodeJS #TechForGood #100DaysofCode #Digital  #javascript #TensorFlow #Robotics #100DaysOfCode #100DaysOfCode",2022-02-17 17:11:33+00:00,b'sajal_ali_jk',1243846257367568384
51,"To those who used to do data science and quit‚Ä¶ Why, and what did you shift to? #Analytics #DataScience #AI #ML #RStats #Python #coding #DataAnalytics https://t.co/ch70eLt1E1",2022-02-17 17:11:27+00:00,b'NadarSenpai',392623479
52,Databricks Ventures Invests in Arcion to Enable Real-Time Data Sync with the Lakehouse via/Databricks #BigData #Analytics #AI #ML #DataScience #Data https://t.co/LOGuvuhiMU,2022-02-17 17:11:03+00:00,b'dataclaudius',287836809
53,"Best of Python Cheat-sheet

https://t.co/kkINqfJlRv‚Ä¶

#100DaysOfCode #DataScience #DataAnalytics #bigdata #AI #MachineLearning #Python #SAS #SQL
 #CIO #CTO #womeninSTEM #fintech #Metaverse
@Shubham_pen https://t.co/b1FcqD73he",2022-02-17 17:10:55+00:00,b'moukoumany22',806175180682838016
54,7 Day Covid Deaths per 1K Population by County For OH   2022-02-14:  Covid Insights From Our Analytics Team and USAFacts #datavisualization #datascience #analytics #health #data #covid19 #publichealth #covid #omicron #globalhealth https://t.co/L87k96dr29,2022-02-17 17:10:41+00:00,b'njoyflyfishing',3219670842
55,"#FEATURED #COURSES
The C# Basics from Scratch in 2022: Zero to Hero
#application #fundamentals #Datascience #aspnet #Developer
https://t.co/NRpywch9SK
#Programming #CodeNewbies #100DaysOfCode #Coding #CSharp #Harisystems",2022-02-17 17:10:34+00:00,b'harisystems',1515163291
56,"A #Free event #Today: 2022 TechCast Days Winter Session - #MachineLearning Day
https://t.co/VIFXlKlFyl

#Python #BigData #TensorFlow #algorithm #DataScience #javascript #DataScientist #java #json #Analytics #AI #Analytics #Linux #data #security #analyst #ML #developer #sql #cloud",2022-02-17 17:10:08+00:00,b'RichNiemiec',223194898
57,"#English Language Autonomous Learning Center! #BigData #Analytics #DataScience #AI #MachineLearning #IoT #IIoT #Python #RStats #TensorFlow #Java #JavaScript #ReactJS #CloudComputing #Serverless #DataScientist #Linux #Programming #Coding #100DaysofCode 
https://t.co/ojUAVHu7T3 https://t.co/8l46TwWse7",2022-02-17 17:10:07+00:00,b'gp_pulipaka',4263007693
58,"Unifying All ML Frameworks. #BigData #Analytics #DataScience #AI #MachineLearning #IoT #IIoT #PyTorch #Python #RStats #TensorFlow #Java #JavaScript #ReactJS #GoLang #CloudComputing #Serverless #DataScientist #Linux #Programming #Coding #100DaysofCode 
https://t.co/eyW1P6hVJX https://t.co/7Bhde3PO1q",2022-02-17 17:10:06+00:00,b'gp_pulipaka',4263007693
59,"NEED a JOB?
Sign up now https://t.co/o7lVlsl75X
FREE OF CHARGE. NO MIDDLEMEN
#Robotics #AIEthics #MachineLearning #AI #Python #DataScience #BigData #100DaysOfCode #Robots #fintech #insurtech #Bitcoin #cybersecurity #blockchain #bot #coding #Cryptos #NFTGame #Jobs #Job #Metaverse https://t.co/tW90kvKesZ",2022-02-17 17:10:00+00:00,b'JobPreference',1332714745871421443
60,An Easy Guide to Choose the Right Machine Learning Algorithm via/kdnuggets #datascience #AI #ML #data #BigData https://t.co/DPaaaIgnFA,2022-02-17 17:10:00+00:00,b'dataclaudius',287836809
61,A great way to expose HS students to the jobs of the future--10 Data Science Jobs Your Students Should Know About https://t.co/tijdEUH6in via @WeAreTeachers #DataScience,2022-02-17 17:09:59+00:00,b'GFBlough',1729345010
62,"#FEATURED #COURSES
The Complete SQL from Scratch in 2022: Zero to Hero
#Database #SQL #Datascience #Reports #Developer
https://t.co/DqGwc3adTm
#Programming #CodeNewbies #100DaysOfCode #Coding #PostgreSQL",2022-02-17 17:09:58+00:00,b'harisystems',1515163291
63,Registration Open ‚Äì 2022 Appsilon Shiny Conference  {https://t.co/poq7y1bNTy} #rstats #DataScience,2022-02-17 17:09:51+00:00,b'Rbloggers',144592995
64,biomedical #DataScience / bioinformatics opening : mass-spectrometry and proteomics focused - jobRxiv  https://t.co/DU4OiDSeLw H/T: @DataTecnica,2022-02-17 17:09:45+00:00,b'saqibali_ca',954433806177484800
65,"#FEATURED #COURSES
The Complete MySQL from Scratch in 2022: Zero to Hero
#Database #SQL #Datascience #Reports #Developer
https://t.co/Lom2OY62gi
#Programming #CodeNewbies #100DaysOfCode #Coding #mysql",2022-02-17 17:09:31+00:00,b'harisystems',1515163291
66,"#FEATURED #COURSES
The Complete Microsoft SQL from Scratch in 2022: Zero to Hero
#Database #SQL #Datascience #Reports #Developer
https://t.co/iulFNiTKS2
#Programming #CodeNewbies #100DaysOfCode #Coding #MicrosoftSQL",2022-02-17 17:09:16+00:00,b'harisystems',1515163291
67,"#FEATURED #COURSES
*2022 Complete #Python Bootcamp From Scratch
Learn Python like a Professional Start from the basics and creating your own apps
https://t.co/SOnahRWZ3v
#100DaysOfCode #CodeNewbie #DataScience #Programmer #Coding #Django #Harisystems",2022-02-17 17:08:46+00:00,b'harisystems',1515163291
68,7 Day Covid Deaths per 1K Population by County For ND   2022-02-14:  Covid Insights From Our Analytics Team and USAFacts #datavisualization #datascience #analytics #health #data #covid19 #publichealth #covid #omicron #globalhealth https://t.co/E73tUR67Wv,2022-02-17 17:08:42+00:00,b'njoyflyfishing',3219670842
69,"#FEATURED #COURSES
*2022 Complete #Python Bootcamp From Scratch
Learn Python like a Professional Start from the basics and creating your own apps
https://t.co/MOiTj0E7Mn
#100DaysOfCode #CodeNewbie #DataScience #Programmer #Coding #Django #Harisystems",2022-02-17 17:08:31+00:00,b'harisystems',1515163291
70,"Free, actionable template to learn real-world Data Science and get hired #Analytics #DataScience #AI #ML #RStats #Python #coding #DataAnalytics https://t.co/Vtrb3J2Hn4",2022-02-17 17:08:27+00:00,b'NadarSenpai',392623479
71,"#FEATURED #COURSES
The Complete SQL from Scratch in 2022: Zero to Hero
#Database #SQL #Datascience #Reports #Developer
https://t.co/Kof5Jx9QM9
#Programming #CodeNewbies #100DaysOfCode #Coding #PostgreSQL",2022-02-17 17:08:04+00:00,b'harisystems',1515163291
72,"#FEATURED #COURSES
The Complete Microsoft SQL from Scratch in 2022: Zero to Hero
#Database #SQL #Datascience #Reports #Developer
https://t.co/X98ccsJAMR
#Programming #CodeNewbies #100DaysOfCode #Coding #MicrosoftSQL",2022-02-17 17:07:31+00:00,b'harisystems',1515163291
73,"#FEATURED #COURSES
The Complete MySQL from Scratch in 2022: Zero to Hero
#Database #SQL #Datascience #Reports #Developer
https://t.co/T01Irqi7YH
#Programming #CodeNewbies #100DaysOfCode #Coding #MySQL",2022-02-17 17:07:18+00:00,b'harisystems',1515163291
74,"#FEATURED #COURSES
The C# Basics from Scratch in 2022: Zero to Hero
#application #fundamentals #Datascience #aspnet #Developer
https://t.co/TuAYTMxMzo
#Programming #CodeNewbies #100DaysOfCode #Coding #CSharp #Harisystems",2022-02-17 17:07:04+00:00,b'harisystems',1515163291
75,"Great #dataforgood initiative from @IBM. #Creativity, #tech, and expertise will uncover better #waysofworking, invent new tools, challenge norms, and drive #customercentric growth in the #NewNormal. #techtrends #AI #LetsCreate #DigitalTransformation #datascience @IBMUKI https://t.co/vP6zwf7KRB",2022-02-17 17:07:00+00:00,b'PeterLavers',211895344
76,7 Day Covid Deaths per 1K Population by County For ND   2022-02-14:  Covid Insights From Our Analytics Team and USAFacts #datavisualization #datascience #analytics #health #data #covid19 #publichealth #covid #omicron #globalhealth https://t.co/mCm0hltMao,2022-02-17 17:07:00+00:00,b'njoyflyfishing',3219670842
77,An Introduction to Machine Learning for Data Engineers. A Prerequisite for Tensorflow on Google's Cloud Platform for Data Engineers. https://t.co/e73eVwM2lX #DataScience #MachineLearning,2022-02-17 17:06:49+00:00,b'DD_Serena_',2723217086
78,"A good #IoT application can open a whole world of opportunities for your business as well as users. 
But how much does it cost to develop an IoT application?  Learn more in this #infographic Source @Appinventiv

#AI #ML #InternetofThings #CloudComputing #DataScience #DataDriven https://t.co/3Hjfe6x5Iw",2022-02-17 17:06:13+00:00,b'Calsoft_Data',1095983634773815296
79,Singulos Research unveils Perceptus AI for AR that understands the real world https://t.co/njnq6R8fXs #WeWantData #Data #Insights #DataScience #BigData #Tech #AI #Business https://t.co/qITaj422rZ,2022-02-17 17:06:04+00:00,b'CoolerData',1268797578604240896
80,"#FEATURED #COURSES
The C# Basics from Scratch in 2022: Zero to Hero
#application #fundamentals #Datascience #aspnet #Developer
https://t.co/QujD5IBWIP
#Programming #CodeNewbies #100DaysOfCode #Coding #CSharp #Harisystems",2022-02-17 17:05:57+00:00,b'harisystems',1515163291
81,"#FEATURED #COURSES
The Complete MySQL from Scratch in 2022: Zero to Hero
#Database #SQL #Datascience #Reports #Developer
https://t.co/lCW3a3JDcs
#Programming #CodeNewbies #100DaysOfCode #Coding #MySQL #Harisystems",2022-02-17 17:05:45+00:00,b'harisystems',1515163291
82,"#FEATURED #COURSES
The Complete Microsoft SQL from Scratch in 2022: Zero to Hero
#Database #SQL #Datascience #Reports #Developer
https://t.co/ANELX6Jfnc
#Programming #CodeNewbies #100DaysOfCode #Coding #MicrosoftSQL #Harisystems",2022-02-17 17:05:28+00:00,b'harisystems',1515163291
83,Found this awesome NLP timeline from BoW to Transformers. Credit goes to Fabio Chiusano. #Analytics #DataScience #AI #ML #RStats #Python #coding #DataAnalytics https://t.co/6zZl0bsaVp,2022-02-17 17:05:26+00:00,b'NadarSenpai',392623479
84,"#FEATURED #COURSES
The Complete SQL from Scratch in 2022: Zero to Hero
#Database #SQL #Datascience #Reports #Developer
https://t.co/fLdaaE07Fv
#Programming #CodeNewbies #100DaysOfCode #Coding #PostgreSQL #Harisystems",2022-02-17 17:05:17+00:00,b'harisystems',1515163291
85,"#FEATURED #COURSES
2022 Complete #Python Bootcamp From Scratch
Learn Python like a Professional Start from the basics and creating your own apps
https://t.co/NxGjBrkq8w
#100DaysOfCode #CodeNewbie #DataScience #ML #Programming #Coding #Django #Harisystems",2022-02-17 17:05:05+00:00,b'harisystems',1515163291
86,"NEED a JOB?
Sign up now https://t.co/o7lVlsl75X
FREE OF CHARGE. NO MIDDLEMEN
#Robotics #AIEthics #MachineLearning #AI #Python #DataScience #BigData #100DaysOfCode #Robots #fintech #insurtech #Bitcoin #cybersecurity #blockchain #bot #coding #Cryptos #NFTGame #Jobs #Job #Metaverse https://t.co/c49Wo1Kxhj",2022-02-17 17:05:00+00:00,b'JobPreference',1332714745871421443
87,7 Day Covid Deaths per 1K Population by County For NC   2022-02-14:  Covid Insights From Our Analytics Team and USAFacts #datavisualization #datascience #analytics #health #data #covid19 #publichealth #covid #omicron #globalhealth https://t.co/ZJm2wrA5iX,2022-02-17 17:04:51+00:00,b'njoyflyfishing',3219670842
88,"#FEATURED #COURSES
The C# Basics from Scratch in 2022: Zero to Hero
#application #fundamentals #Datascience #aspnet #Developer
https://t.co/OQygjXfdMP
#Programming #CodeNewbies #100DaysOfCode #Coding #CSharp",2022-02-17 17:04:10+00:00,b'harisystems',1515163291
89,"#FEATURED #COURSES
The Complete MySQL from Scratch in 2022: Zero to Hero
#Database #SQL #Datascience #Reports #Developer
https://t.co/KMxCjvnBvL
#Programming #CodeNewbies #100DaysOfCode #Coding #MySQL #Harisystems",2022-02-17 17:03:51+00:00,b'harisystems',1515163291
90,"It's #LoveYourDataWeek &amp; here's @MJCherukara who leads the Computational X-ray Science Group at the @advancedphoton at @argonne!  His #LightSourceSelfie video includes first impressions, the group's role, upgrade challenges &amp; Mathew's VERY cute dog! #DataScience #LoveYourPetDay https://t.co/zQCNvW0EKk",2022-02-17 17:03:47+00:00,b'lightsources',19018356
91,"#FEATURED #COURSES
The Complete Microsoft SQL from Scratch in 2022: Zero to Hero
#Database #SQL #Datascience #Reports #Developer #Language
https://t.co/TETRTsDnzG
#Programming #CodeNewbies #100DaysOfCode #Coding #MicrosoftSQL #Harisystems",2022-02-17 17:03:37+00:00,b'harisystems',1515163291
92,"Thank you @coursera for the financial aid for a course in Data Analytics
#DataScience #DataAnalytics",2022-02-17 17:03:29+00:00,b'Muriith96628522',1352922081336446976
93,"#FEATURED #COURSES
The Complete SQL from Scratch in 2022: Zero to Hero
#Database #SQL #Datascience #Reports #Developer
https://t.co/Cq8vDP4kqa
#Programming #CodeNewbies #100DaysOfCode #Coding #PostgreSQL",2022-02-17 17:03:25+00:00,b'harisystems',1515163291
94,"#FEATURED #COURSES
*2022 Complete #Python Bootcamp From Scratch
Learn Python like a Professional Start from the basics and creating your own apps
https://t.co/v1yh7yXQ9s
#100DaysOfCode #CodeNewbie #DataScience #Coding #Programming #Django #Harisystems",2022-02-17 17:03:10+00:00,b'harisystems',1515163291
95,"#INFOGRAPHIC: The Impact of Big Data on our Everyday Lives!

#bigdata #datascience #machinelearning #technology #ai #data #artificialintelligence #iot #dataanalytics #analytics #python #tech #programming #coding #deeplearning #cloudcomputing #innovation #business #cloud https://t.co/YD2JvjoNLg",2022-02-17 17:02:40+00:00,b'Veracitiz',618808825
96,Hmmm. Something doesn't feel right. #Analytics #DataScience #AI #ML #RStats #Python #coding #DataAnalytics https://t.co/R3tBpp9S4m,2022-02-17 17:02:26+00:00,b'NadarSenpai',392623479
97,7 Day Covid Deaths per 1K Population by County For NC   2022-02-14:  Covid Insights From Our Analytics Team and USAFacts #datavisualization #datascience #analytics #health #data #covid19 #publichealth #covid #omicron #globalhealth https://t.co/1GfODtfyIW,2022-02-17 17:02:23+00:00,b'njoyflyfishing',3219670842
98,"‚û°Ô∏è The forecasted future of #AI!

#data #bigdata #datascience #predictiveanalytics #python #javascript #cloud #analytics #machinelearning #tensorflow #rstats #reactjs #deeplearning #dataanalytics #serverless #webdevelopment #opensource  #iot https://t.co/W8nZmB4DCi",2022-02-17 17:01:13+00:00,b'execlvlsearch',22713233
99,"7 top challenges of security tool integration
                                         
With organizations using as‚Ä¶

 #IT #CIO #data #tech #cybersecurity #cybercrime #databreach #business #DataScience #cyberthreats #fraud #cyberattacks #AI #technology https://t.co/sFXkgnNt3k",2022-02-17 17:01:10+00:00,b'CMoschovitis',17601244
